{
	"class_name" : "PinholeCameraParameters",
	"extrinsic" : 
	[
		0.70567798349386202,
		-0.083249866829472385,
		0.70362493082956623,
		0.0,
		0.70704512216016191,
		0.018423068859503386,
		-0.70692841629355929,
		0.0,
		0.045888765962472225,
		0.99635839445787444,
		0.071862166344804412,
		0.0,
		-0.10921652593463103,
		-2.0015263213392189,
		4.4231262198900128,
		1.0
	],
	"intrinsic" : 
	{
		"height" : 1025,
		"intrinsic_matrix" : 
		[
			887.67603887904966,
			0.0,
			0.0,
			0.0,
			887.67603887904966,
			0.0,
			926.0,
			512.0,
			1.0
		],
		"width" : 1853
	},
	"version_major" : 1,
	"version_minor" : 0
}