{
	"class_name" : "PinholeCameraParameters",
	"extrinsic" : 
	[
		0.998816350395622,
		-0.01870677068738822,
		0.04489938655282262,
		0.0,
		-0.00067319160397711145,
		-0.92831456605950957,
		-0.37179512268830134,
		0.0,
		0.048635840646941125,
		0.37132482164837055,
		-0.92722836013161902,
		0.0,
		-0.12327750650213162,
		-0.74764971122224066,
		6.4495975698650572,
		1.0
	],
	"intrinsic" : 
	{
		"height" : 1025,
		"intrinsic_matrix" : 
		[
			887.67603887904966,
			0.0,
			0.0,
			0.0,
			887.67603887904966,
			0.0,
			926.0,
			512.0,
			1.0
		],
		"width" : 1853
	},
	"version_major" : 1,
	"version_minor" : 0
}