{
	"class_name" : "PinholeCameraParameters",
	"extrinsic" : 
	[
		0.57047752335447377,
		0.10906071267633582,
		0.81404002131214392,
		0.0,
		0.81712032565952608,
		-0.1753888079250302,
		-0.54913854303691612,
		0.0,
		0.0828840680795523,
		0.97843984332465062,
		-0.18917109782791228,
		0.0,
		-0.18000135644407855,
		-1.9706867528098684,
		4.9454852411193402,
		1.0
	],
	"intrinsic" : 
	{
		"height" : 1025,
		"intrinsic_matrix" : 
		[
			887.67603887904966,
			0.0,
			0.0,
			0.0,
			887.67603887904966,
			0.0,
			926.0,
			512.0,
			1.0
		],
		"width" : 1853
	},
	"version_major" : 1,
	"version_minor" : 0
}