{
	"class_name" : "PinholeCameraParameters",
	"extrinsic" : 
	[
		0.99610714612662421,
		-0.064850553447749149,
		0.059707278894559804,
		0.0,
		0.05648206205250926,
		-0.050478189456604483,
		-0.99712673670676377,
		0.0,
		0.067678136068959574,
		0.99661745825903736,
		-0.046618792257282007,
		0.0,
		-0.1614167462514309,
		-2.0026198337611718,
		4.677376038399899,
		1.0
	],
	"intrinsic" : 
	{
		"height" : 1025,
		"intrinsic_matrix" : 
		[
			887.67603887904966,
			0.0,
			0.0,
			0.0,
			887.67603887904966,
			0.0,
			926.0,
			512.0,
			1.0
		],
		"width" : 1853
	},
	"version_major" : 1,
	"version_minor" : 0
}